{
  "project_info": {
    "project_number": "758907412940",
    "firebase_url": "https://wenight-9fab5.firebaseio.com",
    "project_id": "wenight-9fab5",
    "storage_bucket": "wenight-9fab5.appspot.com"
  },
  "client": [
    {
      "client_info": {
        "mobilesdk_app_id": "1:758907412940:android:18a8024f9c5fd807",
        "android_client_info": {
          "package_name": "com.wenight"
        }
      },
      "oauth_client": [
        {
          "client_id": "758907412940-3cr6gaplpo7p7ievkju7vmu6s3i327ko.apps.googleusercontent.com",
          "client_type": 3
        }
      ],
      "api_key": [
        {
          "current_key": "AIzaSyADkF2Eg3Yu10tHBdKoiPehYuDTZfqhCFo"
        }
      ],
      "services": {
        "analytics_service": {
          "status": 1
        },
        "appinvite_service": {
          "status": 1,
          "other_platform_oauth_client": []
        },
        "ads_service": {
          "status": 2
        }
      }
    }
  ],
  "configuration_version": "1"
}